id;name;token;phone;sphone;email;profileimage;active;is_first_booking;timecreated
1;Assistant;Generic heuristic;721-664-2911 x28337;mission-critical auxiliary;Hayden.Walker52@gmail.com;generate Hong Kong alarm;false;true;2021-03-07T20:44:25
2;relationships Ball Extended;synthesize mobile;917.492.8940;Uzbekistan Sum;Elouise_Bradtke9@gmail.com;California;true;false;2021-03-07T15:58:44
3;Specialist copying;protocol;860.772.4207 x005;Chicken plum Accounts;Dewayne_Osinski41@hotmail.com;Electronics;true;false;2021-03-07T15:59:35
4;Auto Loan Account invoice;Tuna;(458) 557-4166 x83012;application;Retha.Crist@gmail.com;relationships Towels;false;true;2021-03-08T05:00:18
5;ivory Ports Outdoors;transparent;654-069-9413 x91582;Cotton;Theron21@yahoo.com;Branding Practical Frozen Shoes;true;true;2021-03-08T05:22:49
6;Japan Ball invoice;Savings Account;524-282-9631 x01271;Manat;Tito84@gmail.com;Analyst;true;true;2021-03-07T13:52:25
7;Kids Future Egypt;Intranet Ramp Latvian Lats;1-986-618-7549 x64499;system-worthy;Nichole.Turner@gmail.com;quantify Jewelery;true;false;2021-03-07T16:42:10
8;embrace;Specialist South Carolina indexing;1-778-715-9902 x4708;backing up Mouse portal;Kiel.Rempel@hotmail.com;payment Bike;true;true;2021-03-08T08:30:08
9;invoice generating;didactic Afghani;1-789-541-1618 x441;backing up;Verda_Schiller@yahoo.com;turquoise Specialist;false;true;2021-03-07T16:11:06
10;e-tailers;SMS Ville;545-730-5924 x0823;parsing Philippine Peso;Wilburn_Gleason75@yahoo.com;Savings Account Gorgeous;true;true;2021-03-07T12:45:22
